﻿<?xml version="1.0" encoding="utf-8" ?>
<badWords>
    <item>
        <exp>viagra</exp>
        <value>100</value>
    </item>
    <item>
        <exp>blackjack</exp>
        <value>100</value>
    </item>
    <item>
        <exp>casino</exp>
        <value>100</value>
    </item>
    <item>
        <exp>rental-car-</exp>
        <value>100</value>
    </item>
    <item>
        <exp>porn</exp>
        <value>100</value>
    </item>
    <item>
        <exp>p0rn</exp>
        <value>100</value>
    </item>
    <item>
        <exp>poker</exp>
        <value>100</value>
    </item>
    <item>
        <exp>pharmacy</exp>
        <value>100</value>
    </item>
    <item>
        <exp>penis</exp>
        <value>100</value>
    </item>
    <item>
        <exp>pen1s</exp>
        <value>100</value>
    </item>
    <item>
        <exp>gambling</exp>
        <value>100</value>
    </item>
    <item>
        <exp>online-gambling</exp>
        <value>100</value>
    </item>
    <item>
        <exp>levitra</exp>
        <value>100</value>
    </item>
    <item>
        <exp>xanax</exp>
        <value>100</value>
    </item>
    <item>
        <exp>cialis</exp>
        <value>100</value>
    </item>
    <item>
        <exp>valium</exp>
        <value>100</value>
    </item>
    <item>
        <exp>ambien</exp>
        <value>100</value>
    </item>
    <item>
        <exp>ativan</exp>
        <value>100</value>
    </item>
    <item>
        <exp>chatroom</exp>
        <value>100</value>
    </item>
    <item>
        <exp>dating-</exp>
        <value>100</value>
    </item>
    <item>
        <exp>day-trading</exp>
        <value>100</value>
    </item>
    <item>
        <exp>drug</exp>
        <value>100</value>
    </item>
    <item>
        <exp>equityloans</exp>
        <value>100</value>
    </item>
    <item>
        <exp>homeequityloans</exp>
        <value>100</value>
    </item>
    <item>
        <exp>homefinance</exp>
        <value>100</value>
    </item>
    <item>
        <exp>hotel-deals</exp>
        <value>100</value>
    </item>
    <item>
        <exp>hotele-site</exp>
        <value>100</value>
    </item>
    <item>
        <exp>hotelse-site</exp>
        <value>100</value>
    </item>
    <item>
        <exp>mortgage</exp>
        <value>100</value>
    </item>
    <item>
        <exp>shemale</exp>
        <value>100</value>
    </item>
    <item>
        <exp>escort</exp>
        <value>100</value>
    </item>
    <item>
        <exp>car rent</exp>
        <value>100</value>
    </item>
    <item>
        <exp>limousine</exp>
        <value>100</value>
    </item>
    <item>
        <exp>hdtv</exp>
        <value>100</value>
    </item>
    <item>
        <exp>hdmi</exp>
        <value>100</value>
    </item>
    <item>
        <exp>bankruptcy</exp>
        <value>100</value>
    </item>
    <item>
        <exp>lawyer</exp>
        <value>100</value>
    </item>
    <item>
        <exp>surgery</exp>
        <value>100</value>
    </item>
    <item>
        <exp>rogaine</exp>
        <value>100</value>
    </item>
    <item>
        <exp>easy money</exp>
        <value>100</value>
    </item>
    <item>
        <exp>valentine</exp>
        <value>100</value>
    </item>
    <item>
        <exp>gift</exp>
        <value>100</value>
    </item>
    <item>
        <exp>clipart</exp>
        <value>100</value>
    </item>
    <item>
        <exp>laptop battery</exp>
        <value>100</value>
    </item>
    <item>
        <exp>discount</exp>
        <value>100</value>
    </item>
    <item>
        <exp>post card</exp>
        <value>100</value>
    </item>
    <item>
        <exp>postcard</exp>
        <value>100</value>
    </item>
    <item>
        <exp>ecard</exp>
        <value>100</value>
    </item>
    <item>
        <exp>lucky winner</exp>
        <value>100</value>
    </item>
    <item>
        <exp>lucky draw</exp>
        <value>100</value>
    </item>
    <item>
        <exp>mutual trust</exp>
        <value>100</value>
    </item>
    <item>
        <exp>abs exercise</exp>
        <value>100</value>
    </item>
    <item>
        <exp>fat belly</exp>
        <value>100</value>
    </item>
    <item>
        <exp>belly fat</exp>
        <value>100</value>
    </item>
    <item>
        <exp>loose fat</exp>
        <value>100</value>
    </item>
    <item>
        <exp>medicine</exp>
        <value>100</value>
    </item>
    <item>
        <exp>pet food</exp>
        <value>100</value>
    </item>
    <item>
        <exp>diabetes</exp>
        <value>100</value>
    </item>
    <item>
        <exp>e-card</exp>
        <value>100</value>
    </item>
    <item>
        <exp>lotterii</exp>
        <value>100</value>
    </item>
    <item>
        <exp>l0tterii</exp>
        <value>100</value>
    </item>
    <item>
        <exp>electrical repair</exp>
        <value>100</value>
    </item>
    <item>
        <exp>electrical repair</exp>
        <value>100</value>
    </item>
    <item>
        <exp>electrical bill</exp>
        <value>100</value>
    </item>
    <item>
        <exp>obsessive compulsive behavior</exp>
        <value>100</value>
    </item>
    <item>
        <exp>infection</exp>
        <value>100</value>
    </item>
    <item>
        <exp>voip</exp>
        <value>100</value>
    </item>
    <item>
        <exp>pbx</exp>
        <value>100</value>
    </item>
    <item>
        <exp>car insurance</exp>
        <value>100</value>
    </item>
    <item>
        <exp>herbal</exp>
        <value>100</value>
    </item>
    <item>
        <exp>tobacco</exp>
        <value>100</value>
    </item>
    <item>
        <exp>vapir</exp>
        <value>100</value>
    </item>
    <item>
        <exp>tramadol</exp>
        <value>100</value>
    </item>
    <item>
        <exp>bridal</exp>
        <value>100</value>
    </item>
    <item>
        <exp>car sale</exp>
        <value>100</value>
    </item>
    <item>
        <exp>dining</exp>
        <value>100</value>
    </item>
    <item>
        <exp>diving</exp>
        <value>100</value>
    </item>
</badWords>